19120057,HHS,HP3
19120059,HHS,HP3
19120061,HHS,HP3
19120063,HHS,HP3
19120065,HHS,HP3
19120067,HHS,HP3
19120069,HHS,HP3
19120071,HHS,HP3
19120073,HHS,HP3
19120075,HHS,HP3
19120077,HHS,HP3
19120079,HHS,HP3
19120081,HHS,HP3
19120083,HHS,HP3
19120085,HHS,HP3
19120087,HHS,HP3
19120089,HHS,HP3
19120091,HHS,HP3
19120093,HHS,HP3
19120095,HHS,HP3
19120097,HHS,HP3
19120099,HHS,HP3
19120101,HHS,HP3
19120103,HHS,HP3
19120105,HHS,HP3
19120107,HHS,HP3
19120109,HHS,HP3
19120111,HHS,HP3
19120113,HHS,HP3
19120115,HHS,HP3